{"mean":{"confidence_interval":{"confidence_level":0.95,"lower_bound":30165337799.5,"upper_bound":30249882552.9},"point_estimate":30206346607.0,"standard_error":21621647.148577783},"median":{"confidence_interval":{"confidence_level":0.95,"lower_bound":30172950434.0,"upper_bound":30236073507.0},"point_estimate":30188620305.0,"standard_error":21899541.663779344},"median_abs_dev":{"confidence_interval":{"confidence_level":0.95,"lower_bound":2666418.9876616,"upper_bound":116014279.67893481},"point_estimate":45934710.764595866,"standard_error":29337348.95909106},"slope":null,"std_dev":{"confidence_interval":{"confidence_level":0.95,"lower_bound":28192419.382781684,"upper_bound":98938495.14075086},"point_estimate":72236005.40808709,"standard_error":19138051.58164545}}