{"mean":{"confidence_interval":{"confidence_level":0.95,"lower_bound":3214204932.0724998,"upper_bound":3251387594.1575},"point_estimate":3233658866.4,"standard_error":9493679.326808454},"median":{"confidence_interval":{"confidence_level":0.95,"lower_bound":3213592512.0,"upper_bound":3261856269.5},"point_estimate":3235474736.0,"standard_error":14568250.547940055},"median_abs_dev":{"confidence_interval":{"confidence_level":0.95,"lower_bound":6023793.314856291,"upper_bound":58343352.00069845},"point_estimate":32344059.28647816,"standard_error":12577351.746566024},"slope":null,"std_dev":{"confidence_interval":{"confidence_level":0.95,"lower_bound":17839947.567101784,"upper_bound":40990973.559678614},"point_estimate":31632649.117598183,"standard_error":6393815.684560402}}