{"mean":{"confidence_interval":{"confidence_level":0.95,"lower_bound":825428975.065,"upper_bound":844864608.5},"point_estimate":835235100.2,"standard_error":4962144.5208231015},"median":{"confidence_interval":{"confidence_level":0.95,"lower_bound":825346815.5,"upper_bound":850441574.0},"point_estimate":831890208.0,"standard_error":5706503.577807271},"median_abs_dev":{"confidence_interval":{"confidence_level":0.95,"lower_bound":1254762.1640235186,"upper_bound":28857902.619069815},"point_estimate":16309122.3269552,"standard_error":7408843.784149152},"slope":null,"std_dev":{"confidence_interval":{"confidence_level":0.95,"lower_bound":8674721.300921066,"upper_bound":21471094.321213663},"point_estimate":16585136.88986386,"standard_error":3286501.2459962424}}