{"mean":{"confidence_interval":{"confidence_level":0.95,"lower_bound":37182309.01428571,"upper_bound":38853610.12196428},"point_estimate":37861749.48571428,"standard_error":448266.7611901086},"median":{"confidence_interval":{"confidence_level":0.95,"lower_bound":37088284.64285714,"upper_bound":37913312.89285714},"point_estimate":37632878.60714286,"standard_error":244367.07861373332},"median_abs_dev":{"confidence_interval":{"confidence_level":0.95,"lower_bound":121792.46378774996,"upper_bound":1229619.1005398948},"point_estimate":464699.30519993656,"standard_error":297877.34913862025},"slope":null,"std_dev":{"confidence_interval":{"confidence_level":0.95,"lower_bound":319497.763355061,"upper_bound":2252543.9035704723},"point_estimate":1491478.1844430964,"standard_error":627492.0757534171}}