{"mean":{"confidence_interval":{"confidence_level":0.95,"lower_bound":-0.08764931068884226,"upper_bound":-0.07060421969695323},"point_estimate":-0.07899882376883172,"standard_error":0.004363259263942996},"median":{"confidence_interval":{"confidence_level":0.95,"lower_bound":-0.08977739691553621,"upper_bound":-0.06748068320683276},"point_estimate":-0.07526347562686397,"standard_error":0.005461536360703996}}