{"mean":{"confidence_interval":{"confidence_level":0.95,"lower_bound":1167421470.7,"upper_bound":1204561291.5},"point_estimate":1185402253.3,"standard_error":9557800.503987813},"median":{"confidence_interval":{"confidence_level":0.95,"lower_bound":1159337313.0,"upper_bound":1213943546.0},"point_estimate":1175196797.0,"standard_error":14969783.0085861},"median_abs_dev":{"confidence_interval":{"confidence_level":0.95,"lower_bound":6314869.202488661,"upper_bound":51989995.24419308},"point_estimate":40085847.93803394,"standard_error":12119232.980271723},"slope":null,"std_dev":{"confidence_interval":{"confidence_level":0.95,"lower_bound":18480594.24391412,"upper_bound":38544709.22228228},"point_estimate":31765835.565556567,"standard_error":5077007.716713486}}