{"mean":{"confidence_interval":{"confidence_level":0.95,"lower_bound":3117924301.7,"upper_bound":3205842822.4},"point_estimate":3159989763.0,"standard_error":22597846.399006743},"median":{"confidence_interval":{"confidence_level":0.95,"lower_bound":3102812093.5,"upper_bound":3236155915.0},"point_estimate":3135155843.0,"standard_error":32495625.550951805},"median_abs_dev":{"confidence_interval":{"confidence_level":0.95,"lower_bound":11707139.421656728,"upper_bound":122181296.59904838},"point_estimate":56634681.47653341,"standard_error":29778122.74733319},"slope":null,"std_dev":{"confidence_interval":{"confidence_level":0.95,"lower_bound":37425358.20066463,"upper_bound":92461918.23137526},"point_estimate":75260640.09963006,"standard_error":13456427.819304708}}