{"mean":{"confidence_interval":{"confidence_level":0.95,"lower_bound":-0.06378691526031273,"upper_bound":-0.036634040910016354},"point_estimate":-0.05054694539619553,"standard_error":0.006992175505166793},"median":{"confidence_interval":{"confidence_level":0.95,"lower_bound":-0.07268614354877978,"upper_bound":-0.023999462771841285},"point_estimate":-0.05965062470001148,"standard_error":0.013265760308455653}}