{"mean":{"confidence_interval":{"confidence_level":0.95,"lower_bound":15174324950.115,"upper_bound":15289023911.0},"point_estimate":15223369750.0,"standard_error":29961582.3058869},"median":{"confidence_interval":{"confidence_level":0.95,"lower_bound":15155817654.5,"upper_bound":15256773181.5},"point_estimate":15197662925.0,"standard_error":26009158.61575193},"median_abs_dev":{"confidence_interval":{"confidence_level":0.95,"lower_bound":7951447.561633587,"upper_bound":115494414.15246427},"point_estimate":54619382.59101212,"standard_error":26350991.761541307},"slope":null,"std_dev":{"confidence_interval":{"confidence_level":0.95,"lower_bound":33291589.458079904,"upper_bound":145615535.2689006},"point_estimate":100085787.20015346,"standard_error":34463562.78231609}}