{"mean":{"confidence_interval":{"confidence_level":0.95,"lower_bound":-0.12803568127690532,"upper_bound":-0.06203020092466006},"point_estimate":-0.09668994260458075,"standard_error":0.016972181832183086},"median":{"confidence_interval":{"confidence_level":0.95,"lower_bound":-0.14424610785707948,"upper_bound":-0.05979558234699378},"point_estimate":-0.12094749619258582,"standard_error":0.021950405096814014}}