{"mean":{"confidence_interval":{"confidence_level":0.95,"lower_bound":-0.10000550562019951,"upper_bound":-0.07474732785279649},"point_estimate":-0.08615586183281831,"standard_error":0.006499099034584768},"median":{"confidence_interval":{"confidence_level":0.95,"lower_bound":-0.09662703824268137,"upper_bound":-0.07084209181418377},"point_estimate":-0.0831290332686756,"standard_error":0.00717846888216491}}