{"mean":{"confidence_interval":{"confidence_level":0.95,"lower_bound":574168852.2075,"upper_bound":584101114.1},"point_estimate":579089884.8,"standard_error":2539227.6245830795},"median":{"confidence_interval":{"confidence_level":0.95,"lower_bound":572670286.0,"upper_bound":586649740.0},"point_estimate":578529091.0,"standard_error":3893379.8227070956},"median_abs_dev":{"confidence_interval":{"confidence_level":0.95,"lower_bound":1380301.316794753,"upper_bound":13304577.14149654},"point_estimate":7976330.7782918215,"standard_error":3497650.1666210913},"slope":null,"std_dev":{"confidence_interval":{"confidence_level":0.95,"lower_bound":4877655.771486669,"upper_bound":10571297.219758205},"point_estimate":8454167.732851595,"standard_error":1441264.543540162}}