{"mean":{"confidence_interval":{"confidence_level":0.95,"lower_bound":-0.10525777628984848,"upper_bound":-0.09031957666139663},"point_estimate":-0.09778799221118673,"standard_error":0.003805623569190062},"median":{"confidence_interval":{"confidence_level":0.95,"lower_bound":-0.10940679967214317,"upper_bound":-0.09055132378639785},"point_estimate":-0.0989015302813725,"standard_error":0.0047886569542842684}}