{"mean":{"confidence_interval":{"confidence_level":0.95,"lower_bound":-0.07096068646967849,"upper_bound":-0.0581382371229217},"point_estimate":-0.06427596380165002,"standard_error":0.0032260326800852565},"median":{"confidence_interval":{"confidence_level":0.95,"lower_bound":-0.07309887013966321,"upper_bound":-0.056424363709284275},"point_estimate":-0.06370240612534783,"standard_error":0.004224470077235706}}