{"mean":{"confidence_interval":{"confidence_level":0.95,"lower_bound":74114434.43714285,"upper_bound":74338573.67142858},"point_estimate":74221133.7,"standard_error":57705.834340925685},"median":{"confidence_interval":{"confidence_level":0.95,"lower_bound":74067115.5,"upper_bound":74421710.64285713},"point_estimate":74151013.42857143,"standard_error":94339.09438050647},"median_abs_dev":{"confidence_interval":{"confidence_level":0.95,"lower_bound":25543.820846500217,"upper_bound":306140.58596491814},"point_estimate":176795.81086124535,"standard_error":84591.06510153293},"slope":null,"std_dev":{"confidence_interval":{"confidence_level":0.95,"lower_bound":96749.65871941908,"upper_bound":231082.143491135},"point_estimate":191935.85621575688,"standard_error":33567.21218570793}}