{"mean":{"confidence_interval":{"confidence_level":0.95,"lower_bound":13326313147.995,"upper_bound":13417672933.755001},"point_estimate":13373201322.6,"standard_error":23477125.703975},"median":{"confidence_interval":{"confidence_level":0.95,"lower_bound":13274277170.0,"upper_bound":13433497764.5},"point_estimate":13400707846.5,"standard_error":39781438.01067952},"median_abs_dev":{"confidence_interval":{"confidence_level":0.95,"lower_bound":7216987.549772859,"upper_bound":123564511.9660914},"point_estimate":67217417.81945229,"standard_error":31912396.474479456},"slope":null,"std_dev":{"confidence_interval":{"confidence_level":0.95,"lower_bound":42066552.85995764,"upper_bound":91852205.81481281},"point_estimate":78405178.73561913,"standard_error":11972871.294319313}}