{"mean":{"confidence_interval":{"confidence_level":0.95,"lower_bound":71398580.95281251,"upper_bound":71556381.484375},"point_estimate":71472572.2375,"standard_error":40580.07311788452},"median":{"confidence_interval":{"confidence_level":0.95,"lower_bound":71368547.3125,"upper_bound":71584825.125},"point_estimate":71438552.9375,"standard_error":52646.55626073029},"median_abs_dev":{"confidence_interval":{"confidence_level":0.95,"lower_bound":35186.637837812304,"upper_bound":229707.64620937407},"point_estimate":118069.62877884507,"standard_error":50224.23204154765},"slope":null,"std_dev":{"confidence_interval":{"confidence_level":0.95,"lower_bound":60162.022531303905,"upper_bound":167655.08248962357},"point_estimate":135151.1237331048,"standard_error":26857.95286746701}}