{"mean":{"confidence_interval":{"confidence_level":0.95,"lower_bound":-0.08019802371100244,"upper_bound":-0.06675256074541577},"point_estimate":-0.07341241131493326,"standard_error":0.0034474074818769385},"median":{"confidence_interval":{"confidence_level":0.95,"lower_bound":-0.08289071318033647,"upper_bound":-0.06144747357548719},"point_estimate":-0.07219501031971742,"standard_error":0.005607113682531323}}