{"mean":{"confidence_interval":{"confidence_level":0.95,"lower_bound":606912825.4,"upper_bound":622851235.9},"point_estimate":614752650.0,"standard_error":4043778.468722547},"median":{"confidence_interval":{"confidence_level":0.95,"lower_bound":606953930.0,"upper_bound":625121812.5},"point_estimate":612586228.0,"standard_error":3924732.779835533},"median_abs_dev":{"confidence_interval":{"confidence_level":0.95,"lower_bound":2027206.3872098923,"upper_bound":23098823.081713915},"point_estimate":8936231.976950169,"standard_error":5724138.817022586},"slope":null,"std_dev":{"confidence_interval":{"confidence_level":0.95,"lower_bound":6206205.073517185,"upper_bound":17567717.712128937},"point_estimate":13503596.749128854,"standard_error":2870247.9747982747}}