{"mean":{"confidence_interval":{"confidence_level":0.95,"lower_bound":1817577230.1725001,"upper_bound":1834328212.0},"point_estimate":1825519762.3,"standard_error":4295951.404642321},"median":{"confidence_interval":{"confidence_level":0.95,"lower_bound":1816202958.0,"upper_bound":1833866337.0},"point_estimate":1822676808.0,"standard_error":4607138.218169328},"median_abs_dev":{"confidence_interval":{"confidence_level":0.95,"lower_bound":2440505.5927723646,"upper_bound":23315278.230071068},"point_estimate":9944794.330644608,"standard_error":5399839.896893506},"slope":null,"std_dev":{"confidence_interval":{"confidence_level":0.95,"lower_bound":6274845.304747441,"upper_bound":18968860.081373394},"point_estimate":14302915.048492286,"standard_error":3316659.8210882866}}