{"mean":{"confidence_interval":{"confidence_level":0.95,"lower_bound":5498340683.5,"upper_bound":5614364142.1},"point_estimate":5549193857.9,"standard_error":30124803.497265756},"median":{"confidence_interval":{"confidence_level":0.95,"lower_bound":5488148685.5,"upper_bound":5606977849.0},"point_estimate":5515795505.0,"standard_error":28943828.94664775},"median_abs_dev":{"confidence_interval":{"confidence_level":0.95,"lower_bound":4069321.0584551096,"upper_bound":135279082.9201162},"point_estimate":43935493.640989065,"standard_error":33612858.38144626},"slope":null,"std_dev":{"confidence_interval":{"confidence_level":0.95,"lower_bound":33935800.5732333,"upper_bound":141973682.12076622},"point_estimate":100085737.11083551,"standard_error":31437353.30196766}}