{"mean":{"confidence_interval":{"confidence_level":0.95,"lower_bound":38935501.69230769,"upper_bound":42070536.15423077},"point_estimate":40450066.26923077,"standard_error":800460.1870211513},"median":{"confidence_interval":{"confidence_level":0.95,"lower_bound":38183383.84615385,"upper_bound":42644794.192307696},"point_estimate":39784933.5,"standard_error":1533514.5477199005},"median_abs_dev":{"confidence_interval":{"confidence_level":0.95,"lower_bound":84413.08400906304,"upper_bound":4576541.603796303},"point_estimate":2461891.185023463,"standard_error":1444300.6722201519},"slope":null,"std_dev":{"confidence_interval":{"confidence_level":0.95,"lower_bound":1609919.494907828,"upper_bound":3169890.6823858013},"point_estimate":2669858.8299191194,"standard_error":399511.8266043741}}