{"mean":{"confidence_interval":{"confidence_level":0.95,"lower_bound":24233030.411625005,"upper_bound":25095967.39875},"point_estimate":24637794.29,"standard_error":220972.47021092914},"median":{"confidence_interval":{"confidence_level":0.95,"lower_bound":24038039.8,"upper_bound":25097228.5},"point_estimate":24535792.225,"standard_error":231194.09150773645},"median_abs_dev":{"confidence_interval":{"confidence_level":0.95,"lower_bound":29126.677237896456,"upper_bound":1194045.4696914558},"point_estimate":785176.5693703288,"standard_error":317728.61928607855},"slope":null,"std_dev":{"confidence_interval":{"confidence_level":0.95,"lower_bound":354949.3119091115,"upper_bound":989982.3673350812},"point_estimate":738784.9502874479,"standard_error":173742.02710762183}}