{"mean":{"confidence_interval":{"confidence_level":0.95,"lower_bound":7588400517.280001,"upper_bound":7618389620.3},"point_estimate":7601557233.6,"standard_error":7778811.054847745},"median":{"confidence_interval":{"confidence_level":0.95,"lower_bound":7583023079.0,"upper_bound":7612402229.5},"point_estimate":7591816120.0,"standard_error":8832660.791357884},"median_abs_dev":{"confidence_interval":{"confidence_level":0.95,"lower_bound":3567602.5556623936,"upper_bound":36181533.584949374},"point_estimate":17026788.187614083,"standard_error":8338903.985715979},"slope":null,"std_dev":{"confidence_interval":{"confidence_level":0.95,"lower_bound":9832659.282650316,"upper_bound":36855832.28130418},"point_estimate":25878499.682445396,"standard_error":8082680.884833616}}