{"mean":{"confidence_interval":{"confidence_level":0.95,"lower_bound":509350076.5,"upper_bound":510504457.90250003},"point_estimate":509932631.6,"standard_error":293030.8560813254},"median":{"confidence_interval":{"confidence_level":0.95,"lower_bound":509274814.0,"upper_bound":510571709.0},"point_estimate":510050094.0,"standard_error":362127.6459001606},"median_abs_dev":{"confidence_interval":{"confidence_level":0.95,"lower_bound":168776.95710361004,"upper_bound":1676764.972731471},"point_estimate":797894.5343345404,"standard_error":372980.99409642804},"slope":null,"std_dev":{"confidence_interval":{"confidence_level":0.95,"lower_bound":490455.0535162663,"upper_bound":1282873.7837610212},"point_estimate":975952.9659549515,"standard_error":204618.90270467303}}