{"mean":{"confidence_interval":{"confidence_level":0.95,"lower_bound":-0.08219286456433947,"upper_bound":-0.037781866219269405},"point_estimate":-0.05979494766715476,"standard_error":0.011384600999200108},"median":{"confidence_interval":{"confidence_level":0.95,"lower_bound":-0.09616023488505743,"upper_bound":-0.023150384439495575},"point_estimate":-0.07169322508213782,"standard_error":0.019552089569658555}}