{"mean":{"confidence_interval":{"confidence_level":0.95,"lower_bound":-0.09524836867582452,"upper_bound":-0.025041734583150888},"point_estimate":-0.064072238970453,"standard_error":0.0180163589456992},"median":{"confidence_interval":{"confidence_level":0.95,"lower_bound":-0.10629333079090086,"upper_bound":-0.03586931420194228},"point_estimate":-0.07818566559732865,"standard_error":0.019533600348734713}}