{"mean":{"confidence_interval":{"confidence_level":0.95,"lower_bound":-0.0517965294764717,"upper_bound":-0.012454283621027424},"point_estimate":-0.03293091971217177,"standard_error":0.010118626371211034},"median":{"confidence_interval":{"confidence_level":0.95,"lower_bound":-0.0600189882065596,"upper_bound":0.0023378785774543775},"point_estimate":-0.0347044329302818,"standard_error":0.01579721047446091}}