{"mean":{"confidence_interval":{"confidence_level":0.95,"lower_bound":-0.08804642647669043,"upper_bound":-0.019422250637127426},"point_estimate":-0.05459190179126061,"standard_error":0.017528684032157342},"median":{"confidence_interval":{"confidence_level":0.95,"lower_bound":-0.08446034068684116,"upper_bound":-0.025805817563489652},"point_estimate":-0.051287143919923506,"standard_error":0.014694302811294618}}