{"mean":{"confidence_interval":{"confidence_level":0.95,"lower_bound":3470115475.2675,"upper_bound":3496452248.6},"point_estimate":3482769791.4,"standard_error":6760119.255300403},"median":{"confidence_interval":{"confidence_level":0.95,"lower_bound":3464314358.5,"upper_bound":3509446626.0},"point_estimate":3473458682.5,"standard_error":12111378.883057863},"median_abs_dev":{"confidence_interval":{"confidence_level":0.95,"lower_bound":4245941.710719466,"upper_bound":35676721.63731158},"point_estimate":20730342.936962843,"standard_error":9034778.556775525},"slope":null,"std_dev":{"confidence_interval":{"confidence_level":0.95,"lower_bound":13195403.335564928,"upper_bound":25817707.141661465},"point_estimate":22475212.653452944,"standard_error":3236019.762965769}}