{"mean":{"confidence_interval":{"confidence_level":0.95,"lower_bound":-0.09688702513149737,"upper_bound":-0.04953325234271659},"point_estimate":-0.07554427470155956,"standard_error":0.012217430118728221},"median":{"confidence_interval":{"confidence_level":0.95,"lower_bound":-0.10838070819823142,"upper_bound":-0.05437465555952925},"point_estimate":-0.09446585408287667,"standard_error":0.014233240297610566}}