{"mean":{"confidence_interval":{"confidence_level":0.95,"lower_bound":1128953172.3,"upper_bound":1143988003.0},"point_estimate":1136484708.8,"standard_error":3830390.2400757177},"median":{"confidence_interval":{"confidence_level":0.95,"lower_bound":1126181265.0,"upper_bound":1145451162.0},"point_estimate":1137815837.0,"standard_error":5416599.391980029},"median_abs_dev":{"confidence_interval":{"confidence_level":0.95,"lower_bound":2965199.9473571777,"upper_bound":21631058.003371954},"point_estimate":12748359.746271372,"standard_error":4661028.218552004},"slope":null,"std_dev":{"confidence_interval":{"confidence_level":0.95,"lower_bound":7353904.743736842,"upper_bound":16184256.975043923},"point_estimate":12776050.88380456,"standard_error":2269301.8772818833}}