{"mean":{"confidence_interval":{"confidence_level":0.95,"lower_bound":-0.10562054334671961,"upper_bound":-0.055794812498317},"point_estimate":-0.07942562269121933,"standard_error":0.012703862420172624},"median":{"confidence_interval":{"confidence_level":0.95,"lower_bound":-0.1121820849237869,"upper_bound":-0.044683590013418484},"point_estimate":-0.06605444722457388,"standard_error":0.017340111095625412}}