{"mean":{"confidence_interval":{"confidence_level":0.95,"lower_bound":2261075021.9,"upper_bound":2287239760.7},"point_estimate":2274150722.1,"standard_error":6684979.245242672},"median":{"confidence_interval":{"confidence_level":0.95,"lower_bound":2254371497.5,"upper_bound":2292870053.0},"point_estimate":2275184554.5,"standard_error":8256559.363548095},"median_abs_dev":{"confidence_interval":{"confidence_level":0.95,"lower_bound":6240485.679209232,"upper_bound":42158484.15363729},"point_estimate":17958797.232967615,"standard_error":9409961.728345644},"slope":null,"std_dev":{"confidence_interval":{"confidence_level":0.95,"lower_bound":12609825.385926578,"upper_bound":27989532.427300986},"point_estimate":22254809.17981093,"standard_error":3995163.910871907}}