{"mean":{"confidence_interval":{"confidence_level":0.95,"lower_bound":926465969.4499999,"upper_bound":933603742.4},"point_estimate":929910705.5,"standard_error":1829622.4924607044},"median":{"confidence_interval":{"confidence_level":0.95,"lower_bound":924941545.5,"upper_bound":936784196.0},"point_estimate":927876549.0,"standard_error":2875964.0152322454},"median_abs_dev":{"confidence_interval":{"confidence_level":0.95,"lower_bound":1000350.9737402201,"upper_bound":9990915.791925788},"point_estimate":5715296.136233211,"standard_error":2402404.5443202313},"slope":null,"std_dev":{"confidence_interval":{"confidence_level":0.95,"lower_bound":3306875.5597629673,"upper_bound":7317552.734602598},"point_estimate":6090098.45068821,"standard_error":990412.7055089626}}