{"mean":{"confidence_interval":{"confidence_level":0.95,"lower_bound":18972325506.3125,"upper_bound":19084105840.629997},"point_estimate":19026761397.7,"standard_error":28487909.997897953},"median":{"confidence_interval":{"confidence_level":0.95,"lower_bound":18951578967.0,"upper_bound":19083530215.5},"point_estimate":19015953210.0,"standard_error":33921875.956795454},"median_abs_dev":{"confidence_interval":{"confidence_level":0.95,"lower_bound":10044877.983167768,"upper_bound":157038613.4003073},"point_estimate":93783681.22650683,"standard_error":37074653.138873994},"slope":null,"std_dev":{"confidence_interval":{"confidence_level":0.95,"lower_bound":46819524.07171434,"upper_bound":127579053.82876638},"point_estimate":94964807.5481669,"standard_error":21249011.06806886}}