{"mean":{"confidence_interval":{"confidence_level":0.95,"lower_bound":454961980.3,"upper_bound":467573446.54375},"point_estimate":460906550.65,"standard_error":3232206.952644526},"median":{"confidence_interval":{"confidence_level":0.95,"lower_bound":452162645.5,"upper_bound":468471397.5},"point_estimate":458350823.75,"standard_error":4578804.4769510655},"median_abs_dev":{"confidence_interval":{"confidence_level":0.95,"lower_bound":3031608.1947281957,"upper_bound":18087187.425488234},"point_estimate":10576093.183086812,"standard_error":3880356.7839756603},"slope":null,"std_dev":{"confidence_interval":{"confidence_level":0.95,"lower_bound":5602127.842708488,"upper_bound":13779681.305368455},"point_estimate":10794102.64717994,"standard_error":2158883.8626287836}}