{"mean":{"confidence_interval":{"confidence_level":0.95,"lower_bound":590767936.395,"upper_bound":591758387.2925},"point_estimate":591217050.3,"standard_error":254515.65086367453},"median":{"confidence_interval":{"confidence_level":0.95,"lower_bound":590609127.5,"upper_bound":591908034.0},"point_estimate":590878375.5,"standard_error":308426.7277344294},"median_abs_dev":{"confidence_interval":{"confidence_level":0.95,"lower_bound":91589.83727395535,"upper_bound":1251962.2739732265},"point_estimate":436424.05865192413,"standard_error":294440.24411716044},"slope":null,"std_dev":{"confidence_interval":{"confidence_level":0.95,"lower_bound":262115.340877277,"upper_bound":1048714.9762173013},"point_estimate":845719.8884756964,"standard_error":200269.23431731574}}