{"mean":{"confidence_interval":{"confidence_level":0.95,"lower_bound":-0.10704256148072386,"upper_bound":-0.0630416253477352},"point_estimate":-0.08464816390858454,"standard_error":0.01130999265223798},"median":{"confidence_interval":{"confidence_level":0.95,"lower_bound":-0.10247528198751743,"upper_bound":-0.05775662316438557},"point_estimate":-0.09004014666690341,"standard_error":0.011896568268296525}}