{"mean":{"confidence_interval":{"confidence_level":0.95,"lower_bound":2364988901.835,"upper_bound":2371361464.7},"point_estimate":2368313683.5,"standard_error":1642410.3042841153},"median":{"confidence_interval":{"confidence_level":0.95,"lower_bound":2361657821.0,"upper_bound":2373076510.0},"point_estimate":2370095750.0,"standard_error":2796909.6980982986},"median_abs_dev":{"confidence_interval":{"confidence_level":0.95,"lower_bound":721720.771586895,"upper_bound":8732467.884367704},"point_estimate":4586083.503180742,"standard_error":2177048.608749601},"slope":null,"std_dev":{"confidence_interval":{"confidence_level":0.95,"lower_bound":2438134.46370892,"upper_bound":6329320.860783712},"point_estimate":5464881.8923165165,"standard_error":876044.1556555567}}