{"mean":{"confidence_interval":{"confidence_level":0.95,"lower_bound":990209805.3525,"upper_bound":993744780.2175},"point_estimate":991996181.5,"standard_error":904364.5224303106},"median":{"confidence_interval":{"confidence_level":0.95,"lower_bound":989388504.5,"upper_bound":994201576.0},"point_estimate":992523313.5,"standard_error":1168596.2164871732},"median_abs_dev":{"confidence_interval":{"confidence_level":0.95,"lower_bound":338525.7584899664,"upper_bound":5123881.076332927},"point_estimate":3127004.978084564,"standard_error":1228696.6508072945},"slope":null,"std_dev":{"confidence_interval":{"confidence_level":0.95,"lower_bound":1677429.4251826652,"upper_bound":3847915.0154783134},"point_estimate":3026084.878349003,"standard_error":559948.893338437}}