{"mean":{"confidence_interval":{"confidence_level":0.95,"lower_bound":10781452.548444446,"upper_bound":10920769.61138889},"point_estimate":10850611.884444445,"standard_error":35480.87528676309},"median":{"confidence_interval":{"confidence_level":0.95,"lower_bound":10731737.666666666,"upper_bound":10908436.177777778},"point_estimate":10881469.58888889,"standard_error":45416.26885717963},"median_abs_dev":{"confidence_interval":{"confidence_level":0.95,"lower_bound":5655.2293395974,"upper_bound":242312.38377809542},"point_estimate":56273.38339428083,"standard_error":60963.546274305845},"slope":null,"std_dev":{"confidence_interval":{"confidence_level":0.95,"lower_bound":61154.938477633936,"upper_bound":155387.10296659867},"point_estimate":118192.77282454654,"standard_error":24013.73235220983}}