{"mean":{"confidence_interval":{"confidence_level":0.95,"lower_bound":3858334204.6425,"upper_bound":3865829381.8625},"point_estimate":3862159302.8,"standard_error":1915146.3938989372},"median":{"confidence_interval":{"confidence_level":0.95,"lower_bound":3858656024.5,"upper_bound":3867297197.0},"point_estimate":3861496665.5,"standard_error":2328163.1379067954},"median_abs_dev":{"confidence_interval":{"confidence_level":0.95,"lower_bound":964607.7122747898,"upper_bound":12095017.968070507},"point_estimate":4361957.382559776,"standard_error":2716212.080993554},"slope":null,"std_dev":{"confidence_interval":{"confidence_level":0.95,"lower_bound":3296593.1254884824,"upper_bound":8457044.100895014},"point_estimate":6382273.009976459,"standard_error":1352708.4894158659}}