{"mean":{"confidence_interval":{"confidence_level":0.95,"lower_bound":-0.1500364648933459,"upper_bound":-0.0803149604498153},"point_estimate":-0.11739495750940099,"standard_error":0.01795693536925881},"median":{"confidence_interval":{"confidence_level":0.95,"lower_bound":-0.1649958037739273,"upper_bound":-0.09352589748604467},"point_estimate":-0.15424254483440925,"standard_error":0.019019864047964775}}