{"mean":{"confidence_interval":{"confidence_level":0.95,"lower_bound":-0.07329704946705413,"upper_bound":-0.040280843858083705},"point_estimate":-0.056367742194013526,"standard_error":0.00844195465751474},"median":{"confidence_interval":{"confidence_level":0.95,"lower_bound":-0.06860191821994244,"upper_bound":-0.04117807714743027},"point_estimate":-0.052619409849926746,"standard_error":0.0063570540173223476}}