{"mean":{"confidence_interval":{"confidence_level":0.95,"lower_bound":-0.08932547804266334,"upper_bound":-0.02984188608604598},"point_estimate":-0.06040179894854991,"standard_error":0.015210883116941385},"median":{"confidence_interval":{"confidence_level":0.95,"lower_bound":-0.10378162880251818,"upper_bound":-0.023630390040779492},"point_estimate":-0.07071737406162626,"standard_error":0.02068332828961833}}