{"mean":{"confidence_interval":{"confidence_level":0.95,"lower_bound":809404259.5,"upper_bound":830723577.2},"point_estimate":819855273.8,"standard_error":5428385.554870263},"median":{"confidence_interval":{"confidence_level":0.95,"lower_bound":805294122.5,"upper_bound":838171179.0},"point_estimate":811666304.0,"standard_error":10167559.650162956},"median_abs_dev":{"confidence_interval":{"confidence_level":0.95,"lower_bound":3116762.4361664057,"upper_bound":28350894.940871},"point_estimate":16273511.016887426,"standard_error":7019479.015750278},"slope":null,"std_dev":{"confidence_interval":{"confidence_level":0.95,"lower_bound":11085056.791698815,"upper_bound":20635749.15064123},"point_estimate":17989331.815091074,"standard_error":2462439.8722974714}}