{"mean":{"confidence_interval":{"confidence_level":0.95,"lower_bound":146634947.736875,"upper_bound":147058315.8},"point_estimate":146849479.175,"standard_error":108537.16097110462},"median":{"confidence_interval":{"confidence_level":0.95,"lower_bound":146472488.5,"upper_bound":147115486.0},"point_estimate":146917442.875,"standard_error":146383.7183023689},"median_abs_dev":{"confidence_interval":{"confidence_level":0.95,"lower_bound":49063.49560394883,"upper_bound":673028.1113013625},"point_estimate":369720.40323615074,"standard_error":174314.2318959861},"slope":null,"std_dev":{"confidence_interval":{"confidence_level":0.95,"lower_bound":205369.77558487325,"upper_bound":448283.8741975381},"point_estimate":363863.89926849806,"standard_error":60878.556723595284}}