{"mean":{"confidence_interval":{"confidence_level":0.95,"lower_bound":74088146.81428573,"upper_bound":81888983.59821428},"point_estimate":77735907.25714286,"standard_error":2017423.863409037},"median":{"confidence_interval":{"confidence_level":0.95,"lower_bound":72964007.78571428,"upper_bound":84372715.71428572},"point_estimate":75102566.35714287,"standard_error":2597061.3146887533},"median_abs_dev":{"confidence_interval":{"confidence_level":0.95,"lower_bound":418485.34027040005,"upper_bound":9378864.42299185},"point_estimate":3546191.270442539,"standard_error":2829880.701829992},"slope":null,"std_dev":{"confidence_interval":{"confidence_level":0.95,"lower_bound":2271465.968428998,"upper_bound":8311945.755849144},"point_estimate":6728576.831177283,"standard_error":1348357.8970821698}}