{"mean":{"confidence_interval":{"confidence_level":0.95,"lower_bound":-0.1141544996620927,"upper_bound":-0.07943506731788974},"point_estimate":-0.09652435001943394,"standard_error":0.008896606639244874},"median":{"confidence_interval":{"confidence_level":0.95,"lower_bound":-0.11466844777260932,"upper_bound":-0.07337470993385564},"point_estimate":-0.10033849067741551,"standard_error":0.00988716251310995}}