{"mean":{"confidence_interval":{"confidence_level":0.95,"lower_bound":15621344.357575756,"upper_bound":16117543.467878787},"point_estimate":15868661.190909093,"standard_error":126747.74746179426},"median":{"confidence_interval":{"confidence_level":0.95,"lower_bound":15503668.515151516,"upper_bound":16167932.666666666},"point_estimate":15924607.636363637,"standard_error":172000.7935296849},"median_abs_dev":{"confidence_interval":{"confidence_level":0.95,"lower_bound":109743.93699710982,"upper_bound":767279.8782053323},"point_estimate":415081.8972490038,"standard_error":165840.59751970947},"slope":null,"std_dev":{"confidence_interval":{"confidence_level":0.95,"lower_bound":241405.01805642102,"upper_bound":532141.4599301792},"point_estimate":422103.2349033117,"standard_error":73867.36581139303}}