{"mean":{"confidence_interval":{"confidence_level":0.95,"lower_bound":63664479.85,"upper_bound":67484135.9378125},"point_estimate":65299907.025,"standard_error":990255.0248740425},"median":{"confidence_interval":{"confidence_level":0.95,"lower_bound":63261716.1875,"upper_bound":66170507.5},"point_estimate":64457468.1875,"standard_error":604495.713066431},"median_abs_dev":{"confidence_interval":{"confidence_level":0.95,"lower_bound":24456.505853310227,"upper_bound":4112542.1835377812},"point_estimate":1181186.7503922433,"standard_error":1164784.9627360434},"slope":null,"std_dev":{"confidence_interval":{"confidence_level":0.95,"lower_bound":916051.8220535684,"upper_bound":4758033.409095481},"point_estimate":3302825.3674158836,"standard_error":1133057.3395972059}}