{"mean":{"confidence_interval":{"confidence_level":0.95,"lower_bound":-0.11663935621068029,"upper_bound":-0.041042517644583},"point_estimate":-0.07698644608354532,"standard_error":0.018919303115637342},"median":{"confidence_interval":{"confidence_level":0.95,"lower_bound":-0.13414621063479126,"upper_bound":-0.021027265952685226},"point_estimate":-0.09402723820143633,"standard_error":0.03487318789671682}}