{"mean":{"confidence_interval":{"confidence_level":0.95,"lower_bound":-0.11144067256863394,"upper_bound":-0.03925800691923657},"point_estimate":-0.0758869264670945,"standard_error":0.018501710163245352},"median":{"confidence_interval":{"confidence_level":0.95,"lower_bound":-0.13871769094708597,"upper_bound":-0.003063161935972336},"point_estimate":-0.06735720548258639,"standard_error":0.03189248942243105}}