{"mean":{"confidence_interval":{"confidence_level":0.95,"lower_bound":9495149289.4,"upper_bound":9526618760.0875},"point_estimate":9509766841.5,"standard_error":8106874.740873278},"median":{"confidence_interval":{"confidence_level":0.95,"lower_bound":9488632758.0,"upper_bound":9528127566.5},"point_estimate":9502219276.0,"standard_error":11249453.534860674},"median_abs_dev":{"confidence_interval":{"confidence_level":0.95,"lower_bound":2835139.6059662104,"upper_bound":43414719.28073466},"point_estimate":20862650.899913907,"standard_error":11312717.590388257},"slope":null,"std_dev":{"confidence_interval":{"confidence_level":0.95,"lower_bound":12195890.295963794,"upper_bound":34938929.65115282},"point_estimate":26959407.91725839,"standard_error":6030407.867945566}}