{"mean":{"confidence_interval":{"confidence_level":0.95,"lower_bound":427971562.95,"upper_bound":435604454.0},"point_estimate":431841686.2,"standard_error":1929192.025442759},"median":{"confidence_interval":{"confidence_level":0.95,"lower_bound":429630252.75,"upper_bound":435604088.0},"point_estimate":431419368.5,"standard_error":1425266.748769668},"median_abs_dev":{"confidence_interval":{"confidence_level":0.95,"lower_bound":751475.8117586374,"upper_bound":10882400.56154877},"point_estimate":3366827.3846268654,"standard_error":2465783.9435367524},"slope":null,"std_dev":{"confidence_interval":{"confidence_level":0.95,"lower_bound":2200086.383923229,"upper_bound":9231269.480440777},"point_estimate":6471886.4250627635,"standard_error":1761730.741548265}}