{"mean":{"confidence_interval":{"confidence_level":0.95,"lower_bound":15307132.12875,"upper_bound":16224401.17953125},"point_estimate":15727475.7,"standard_error":234432.5722023839},"median":{"confidence_interval":{"confidence_level":0.95,"lower_bound":15198466.09375,"upper_bound":16366634.828125},"point_estimate":15354308.765625,"standard_error":285789.4666016299},"median_abs_dev":{"confidence_interval":{"confidence_level":0.95,"lower_bound":30682.49911777675,"upper_bound":1191416.435388755},"point_estimate":351203.98050863296,"standard_error":287433.89320900576},"slope":null,"std_dev":{"confidence_interval":{"confidence_level":0.95,"lower_bound":233596.1115423152,"upper_bound":971306.6365843919},"point_estimate":783859.6384728458,"standard_error":190446.97342924817}}