{"mean":{"confidence_interval":{"confidence_level":0.95,"lower_bound":-0.08731018480382287,"upper_bound":-0.05466964255396036},"point_estimate":-0.07090810588823249,"standard_error":0.008372384388063212},"median":{"confidence_interval":{"confidence_level":0.95,"lower_bound":-0.10346136131328232,"upper_bound":-0.042867168872718464},"point_estimate":-0.07398906986934539,"standard_error":0.016651917873360726}}