{"mean":{"confidence_interval":{"confidence_level":0.95,"lower_bound":-0.06509620968709418,"upper_bound":-0.021838188357386643},"point_estimate":-0.044017921324019826,"standard_error":0.011064684063240836},"median":{"confidence_interval":{"confidence_level":0.95,"lower_bound":-0.06604028250953842,"upper_bound":-0.020989487402030476},"point_estimate":-0.045341462215877204,"standard_error":0.009784614707214012}}