{"mean":{"confidence_interval":{"confidence_level":0.95,"lower_bound":22263341.803068183,"upper_bound":23185575.63204546},"point_estimate":22647782.631818183,"standard_error":243234.1463894845},"median":{"confidence_interval":{"confidence_level":0.95,"lower_bound":22139078.40909091,"upper_bound":22905124.18181818},"point_estimate":22324628.863636363,"standard_error":221502.72151611745},"median_abs_dev":{"confidence_interval":{"confidence_level":0.95,"lower_bound":30931.78650994544,"upper_bound":885049.1737872307},"point_estimate":332315.6189365823,"standard_error":229882.69600758},"slope":null,"std_dev":{"confidence_interval":{"confidence_level":0.95,"lower_bound":215574.1987700321,"upper_bound":1195345.034114467},"point_estimate":810466.1022735974,"standard_error":300797.2668873497}}