{"mean":{"confidence_interval":{"confidence_level":0.95,"lower_bound":-0.06399692717895399,"upper_bound":-0.024851656295626127},"point_estimate":-0.04354820081911104,"standard_error":0.009958468435705206},"median":{"confidence_interval":{"confidence_level":0.95,"lower_bound":-0.07365419425500186,"upper_bound":-0.01770432856921411},"point_estimate":-0.03860217694813817,"standard_error":0.013319985895727953}}