{"mean":{"confidence_interval":{"confidence_level":0.95,"lower_bound":1181556261.6,"upper_bound":1186127129.8174999},"point_estimate":1183938462.2,"standard_error":1175755.6717503842},"median":{"confidence_interval":{"confidence_level":0.95,"lower_bound":1179226561.0,"upper_bound":1187204604.0},"point_estimate":1185405124.5,"standard_error":2062210.0847502882},"median_abs_dev":{"confidence_interval":{"confidence_level":0.95,"lower_bound":272923.6748546362,"upper_bound":6038598.558193445},"point_estimate":3171243.537399173,"standard_error":1650699.507413438},"slope":null,"std_dev":{"confidence_interval":{"confidence_level":0.95,"lower_bound":1794493.2216923272,"upper_bound":4534009.969726226},"point_estimate":3908062.5343372384,"standard_error":617721.4710457587}}