{"mean":{"confidence_interval":{"confidence_level":0.95,"lower_bound":285521076.35,"upper_bound":295886779.05125},"point_estimate":290314689.15,"standard_error":2674873.0626538647},"median":{"confidence_interval":{"confidence_level":0.95,"lower_bound":283788354.5,"upper_bound":296984881.5},"point_estimate":287004369.5,"standard_error":3408909.554280975},"median_abs_dev":{"confidence_interval":{"confidence_level":0.95,"lower_bound":1587435.3591173887,"upper_bound":14320621.80660814},"point_estimate":5244548.776240647,"standard_error":3366427.4445654303},"slope":null,"std_dev":{"confidence_interval":{"confidence_level":0.95,"lower_bound":3207080.7734562946,"upper_bound":10929928.774155492},"point_estimate":8864415.600116584,"standard_error":1898363.3334288357}}