{"mean":{"confidence_interval":{"confidence_level":0.95,"lower_bound":1944654677.22,"upper_bound":1947798360.6},"point_estimate":1946124393.8,"standard_error":810273.5571366905},"median":{"confidence_interval":{"confidence_level":0.95,"lower_bound":1943912638.0,"upper_bound":1948028208.0},"point_estimate":1945214624.0,"standard_error":1307068.4604047465},"median_abs_dev":{"confidence_interval":{"confidence_level":0.95,"lower_bound":217101.5619456768,"upper_bound":4815570.70530653},"point_estimate":2537296.3907539845,"standard_error":1157771.3695434565},"slope":null,"std_dev":{"confidence_interval":{"confidence_level":0.95,"lower_bound":1403120.2300245273,"upper_bound":3507822.335970351},"point_estimate":2704234.951693559,"standard_error":570705.7876528314}}