{"mean":{"confidence_interval":{"confidence_level":0.95,"lower_bound":241821499.95,"upper_bound":252589933.65},"point_estimate":246705943.25,"standard_error":2783877.7321891766},"median":{"confidence_interval":{"confidence_level":0.95,"lower_bound":239803639.5,"upper_bound":250537047.75},"point_estimate":246226181.5,"standard_error":2408780.228241268},"median_abs_dev":{"confidence_interval":{"confidence_level":0.95,"lower_bound":589724.1546303034,"upper_bound":13160190.807209909},"point_estimate":6456129.47473079,"standard_error":3473003.957078799},"slope":null,"std_dev":{"confidence_interval":{"confidence_level":0.95,"lower_bound":3719770.115899378,"upper_bound":13067744.823635792},"point_estimate":9303202.124845518,"standard_error":2709321.6662518615}}