{"mean":{"confidence_interval":{"confidence_level":0.95,"lower_bound":136570002.301875,"upper_bound":136848307.49687502},"point_estimate":136698067.55,"standard_error":71437.61900730018},"median":{"confidence_interval":{"confidence_level":0.95,"lower_bound":136546671.0,"upper_bound":136887946.875},"point_estimate":136581597.5,"standard_error":85716.13381605972},"median_abs_dev":{"confidence_interval":{"confidence_level":0.95,"lower_bound":14165.872098505497,"upper_bound":360963.24116662145},"point_estimate":103378.36031466722,"standard_error":92357.68196226111},"slope":null,"std_dev":{"confidence_interval":{"confidence_level":0.95,"lower_bound":75143.95424507624,"upper_bound":295320.46847232216},"point_estimate":238510.57645238715,"standard_error":55678.23215461432}}