{"mean":{"confidence_interval":{"confidence_level":0.95,"lower_bound":-0.07672568859599553,"upper_bound":-0.02730934575925729},"point_estimate":-0.05179252906984455,"standard_error":0.012605330166021108},"median":{"confidence_interval":{"confidence_level":0.95,"lower_bound":-0.08056259886751771,"upper_bound":-0.014809235013187982},"point_estimate":-0.054521760736650604,"standard_error":0.016972315071320507}}