{"mean":{"confidence_interval":{"confidence_level":0.95,"lower_bound":262298104.1,"upper_bound":262610682.5},"point_estimate":262465031.25,"standard_error":80832.30267552979},"median":{"confidence_interval":{"confidence_level":0.95,"lower_bound":262286422.0,"upper_bound":262674432.5},"point_estimate":262528855.5,"standard_error":89946.32726624668},"median_abs_dev":{"confidence_interval":{"confidence_level":0.95,"lower_bound":43561.7524266243,"upper_bound":442087.59055137634},"point_estimate":243445.1395779848,"standard_error":101720.89826897724},"slope":null,"std_dev":{"confidence_interval":{"confidence_level":0.95,"lower_bound":107104.86220774893,"upper_bound":340937.07373622805},"point_estimate":269245.16889313294,"standard_error":58730.927808039094}}