{"mean":{"confidence_interval":{"confidence_level":0.95,"lower_bound":-0.16811279533492918,"upper_bound":-0.06108970300279784},"point_estimate":-0.11637030581509966,"standard_error":0.02770105722882352},"median":{"confidence_interval":{"confidence_level":0.95,"lower_bound":-0.1739009766387526,"upper_bound":-0.04058915192574475},"point_estimate":-0.14600097589297478,"standard_error":0.029643013456787954}}