{"mean":{"confidence_interval":{"confidence_level":0.95,"lower_bound":152906688.625,"upper_bound":156918279.77375},"point_estimate":154879749.975,"standard_error":1024882.3159681965},"median":{"confidence_interval":{"confidence_level":0.95,"lower_bound":151399011.75,"upper_bound":157602841.375},"point_estimate":155127156.375,"standard_error":1510140.4224640864},"median_abs_dev":{"confidence_interval":{"confidence_level":0.95,"lower_bound":588801.6067966819,"upper_bound":6125419.427327067},"point_estimate":4458471.304996312,"standard_error":1477752.8367400074},"slope":null,"std_dev":{"confidence_interval":{"confidence_level":0.95,"lower_bound":1994049.101247335,"upper_bound":4303868.293617872},"point_estimate":3437329.575794986,"standard_error":604103.3793426281}}